comment_id,post_id,user_id,comment_text,created_at
1,27,1,Nothing wish quality ok heavy above attention boy two fire serve someone.,2024-02-26 09:35:07
2,183,93,Account perhaps before present cultural cold put house live easy beat already.,2024-07-31 10:49:04
3,145,25,Authority accept move decade key born cut night state again which your trouble.,2024-03-12 01:08:03
4,198,26,Smile next security wait force three.,2024-11-24 03:34:19
5,128,87,Federal Democrat that high sense prepare couple defense live could treat stuff power.,2024-06-27 01:26:50
6,38,95,International Democrat what thank identify message here figure listen teach.,2024-03-09 03:52:05
7,114,31,Reach but exist security try turn adult right dark drop.,2024-11-05 04:00:55
8,141,76,That beat feel young respond role let recently next.,2024-01-21 04:04:40
9,196,31,Quality prove include single agent mention hear least writer.,2024-04-10 18:28:13
10,29,55,Party nothing child church someone task take cold good keep specific.,2024-12-13 19:01:14
11,146,75,Force weight cover member born candidate green.,2024-01-10 01:30:23
12,151,74,Nice prepare lead available strategy road yeah pay fine choose.,2024-06-02 00:26:04
13,123,64,Our simply difference air buy last bar financial.,2024-10-13 23:41:35
14,134,52,Officer seem ever still economic individual join couple.,2024-02-14 21:29:46
15,126,64,Father work group stage physical reveal staff somebody clearly.,2024-12-14 21:54:20
16,46,61,However themselves successful medical character professional.,2024-10-10 17:11:16
17,166,25,Position few why especially available pay.,2024-11-01 16:46:31
18,177,83,Time likely brother stuff plan appear.,2024-01-03 04:28:11
19,93,69,Author list matter media science live.,2024-10-26 08:24:01
20,124,17,Game service them bag watch specific opportunity.,2024-04-11 02:04:08
21,114,41,Ten sing alone rate bag certain almost.,2024-06-08 22:11:31
22,70,53,Second at blood past catch decide allow director me edge continue stay both.,2024-02-06 09:25:15
23,115,60,Hour under surface woman character treat former possible laugh.,2024-11-07 15:02:54
24,24,16,Total herself edge sing face party gas customer front again.,2024-03-12 06:44:26
25,18,92,Wrong identify yes way its next article eye training who central stuff ok.,2024-10-14 19:37:15
26,186,65,Human brother five change trial admit born analysis well responsibility.,2024-02-14 22:43:11
27,13,13,Wrong home decide fight edge when.,2024-02-10 09:43:02
28,166,75,Want window sell glass rule bit husband resource.,2024-06-19 09:39:50
29,186,69,Network beautiful control air inside condition society participant everything eye.,2024-12-14 08:57:50
30,85,7,Brother town right huge one personal.,2024-07-27 13:36:33
31,30,7,Show fish else thousand then history someone.,2024-01-09 05:14:46
32,66,8,Score reduce gun pay current determine section.,2024-01-27 11:11:59
33,60,88,Figure American find reflect win arrive local rate bit remain own.,2024-04-29 16:36:31
34,120,22,Commercial food inside city white item hope southern feeling.,2024-01-31 21:20:55
35,63,11,Thus these produce decide short father instead which do rest science key.,2024-10-17 10:57:21
36,4,53,Gas answer ground cause sport off work.,2024-03-22 06:06:44
37,30,36,Fire mother hear vote tell voice.,2024-06-14 22:46:55
38,42,17,Board ok western modern around certain phone mind second response.,2024-11-19 15:57:54
39,147,5,Someone present activity begin speech teacher tax within trial specific any year never.,2024-02-12 03:13:55
40,54,25,Note suddenly actually white bring many.,2024-04-04 05:05:03
41,178,13,Week certain market become how during name five because push.,2024-03-28 12:05:56
42,46,71,Its federal run Congress science performance make.,2024-06-05 21:47:47
43,96,48,Television kind few nation light leave cell political.,2024-12-07 22:19:05
44,85,29,Listen give represent fight public popular.,2024-09-30 05:07:46
45,198,75,Move per industry whose grow computer story.,2024-07-29 11:42:16
46,76,40,Body such west traditional town always from enjoy hour lead.,2024-01-09 19:52:51
47,43,55,Life water card art Congress American picture century information international decision sport.,2024-03-21 15:51:15
48,28,19,Try church trouble official southern represent back environment central money.,2024-06-28 17:57:45
49,7,57,Could easy nation head admit owner group fine.,2024-08-17 06:52:53
50,1,72,Community director decision car get source art grow minute.,2024-06-09 19:48:18
51,19,9,Keep kitchen only fall take measure make friend line yeah cultural industry together.,2024-12-14 11:44:30
52,144,87,Wife mean politics campaign evidence plant level.,2024-07-26 22:27:37
53,7,88,School method free brother station science or owner feeling hear positive production.,2024-08-23 10:01:32
54,130,46,Believe vote collection else hand final forward.,2024-07-19 13:48:55
55,102,63,Field soldier TV model throughout become soldier reduce various able plant foot wait.,2024-09-08 05:54:53
56,35,69,Like number property eye technology country.,2024-01-12 14:00:30
57,111,29,Develop window deep security affect behind rock every seat line strategy so approach.,2024-06-08 05:55:43
58,96,50,Produce box home particularly thousand change section our address.,2024-10-16 05:34:23
59,53,76,Teacher who kitchen your table country clearly project.,2024-05-23 01:38:38
60,8,61,Appear source probably less myself report next interview health act half.,2024-12-06 11:33:04
61,78,37,Green bar machine fight guy firm simply learn everything statement program.,2024-05-07 12:34:07
62,120,7,Get trouble site right card sister investment table.,2024-07-04 03:33:37
63,66,42,While effect glass growth describe gun network skill stop service site gas interview.,2024-03-11 17:47:46
64,125,37,Care door foreign rest lead role deal take fund see.,2024-09-02 21:50:10
65,61,3,Effort like service million score national service.,2024-08-14 13:07:56
66,77,13,Coach writer religious you history hold history form special husband east site.,2024-05-28 16:20:54
67,4,73,Structure man budget edge develop lawyer beautiful behavior blood how cut out.,2024-02-27 14:55:28
68,34,68,Expect beat like animal enter nearly.,2024-12-11 03:02:13
69,123,91,Assume happy base budget others college nation large air end red.,2024-03-17 09:50:18
70,36,82,Key letter laugh room increase never paper.,2024-06-05 05:35:35
71,91,100,Although last prepare newspaper item mind realize job build many.,2024-09-24 18:03:16
72,172,64,Charge candidate lead above condition ground second Republican conference south.,2024-12-09 21:53:03
73,94,73,But fill article lot meet material father food particular difficult time exactly long.,2024-04-22 07:24:03
74,141,71,Never away budget experience explain claim order past design assume.,2024-06-09 04:18:54
75,68,89,Improve too action television result any any leader us discussion personal who school.,2024-11-07 04:01:44
76,61,15,Nor seat music food single peace degree sell cell of of husband.,2024-11-24 08:27:50
77,53,22,Tonight executive mean which article dinner stock board few east.,2024-08-02 02:53:12
78,168,23,Participant why contain economy unit father himself change put fine billion describe color notice.,2024-01-09 14:28:33
79,180,23,Thousand production natural reflect where strong order truth book huge.,2024-04-28 13:57:27
80,179,32,Describe enter plant anything phone kid ground look call real maintain.,2024-12-09 15:32:44
81,172,5,Class summer agree get development book class.,2024-08-23 02:42:45
82,185,50,Tree exist live else week research up return yourself resource arm.,2024-10-02 02:51:17
83,70,5,End rock section else claim deep bit push.,2024-06-10 18:14:05
84,136,8,Southern imagine value reflect might down his clearly blue.,2024-10-13 16:14:49
85,143,1,Police ever be usually understand situation when nice side.,2024-01-13 11:50:58
86,172,12,Miss water get building hour perform country produce child need.,2024-10-22 12:19:03
87,105,96,During assume cup here worker future skill her skill.,2024-10-25 16:25:26
88,106,28,Let development her successful number talk try response should add debate you.,2024-02-24 01:10:50
89,155,15,Tree can party avoid out offer picture may tend.,2024-10-06 07:42:17
90,89,70,Laugh part but benefit late language issue.,2024-01-19 16:33:43
91,114,94,Total and whose opportunity together nature but animal appear.,2024-12-15 08:47:57
92,105,82,Particularly for news better majority young compare young.,2024-05-07 06:41:31
93,68,38,Air word policy occur lead none good into easy performance message expert yeah.,2024-07-25 01:48:51
94,186,27,Could recent off usually owner through positive.,2024-01-01 01:40:49
95,20,42,Analysis bring necessary grow stop left respond.,2024-06-05 13:43:39
96,193,16,More certain everybody hundred build pay another student ask expect find.,2024-08-07 18:33:33
97,197,97,Quite final investment customer top event some day against protect close recognize.,2024-11-09 17:16:48
98,76,90,Term executive training news tough artist allow stay thing own race light.,2024-02-14 08:39:34
99,72,78,Always surface morning quickly recognize own wrong late player anyone author vote lawyer.,2024-03-31 13:12:34
100,87,44,Court station family for unit change.,2024-09-10 22:13:00
101,175,68,Ago number second name but whole money small.,2024-04-18 02:49:15
102,1,15,Still stock system project fill put reflect place others.,2024-04-01 02:28:26
103,157,12,Serious with from similar nor fund operation receive.,2024-02-11 04:48:39
104,34,8,Behavior election close throughout politics accept over well whose west later.,2024-02-22 13:51:58
105,136,75,Hard again visit person perhaps day positive computer have discussion.,2024-03-09 03:19:47
106,82,23,Social garden social thousand represent free option.,2024-04-20 22:05:52
107,176,38,Movie candidate draw six ready view check.,2024-07-10 23:32:37
108,183,2,Quality two store generation must good executive customer.,2024-11-28 22:09:19
109,82,94,Second edge opportunity effect discussion idea term.,2024-12-11 22:50:31
110,71,37,Social who how voice firm area compare company we southern per arrive.,2024-04-24 08:04:24
111,91,67,Over resource where whether sister produce group.,2024-03-18 06:32:34
112,73,13,Bring various PM husband what top eat.,2024-05-30 06:30:32
113,46,77,Strong method specific similar their candidate condition dog goal.,2024-10-29 07:50:22
114,175,87,Culture knowledge daughter story church speak worry court feeling down page interesting.,2024-03-27 02:28:32
115,140,87,None give PM account local able must southern nearly five style development.,2024-05-25 15:20:51
116,96,87,Hear minute keep popular other like without record until check small.,2024-02-11 19:38:20
117,143,2,Discussion but degree because perhaps far.,2024-03-13 12:37:07
118,148,59,More feel real foot serve fast.,2024-01-07 01:15:41
119,44,80,Quality hit thus director change check government call.,2024-03-26 15:25:58
120,178,32,Nor individual Congress very shake election series year spring hour theory.,2024-02-06 10:10:06
121,106,97,Approach score form ok box admit.,2024-09-05 02:19:19
122,43,88,Family glass general exist education modern test.,2024-01-06 14:56:55
123,140,31,Yard far wind lead hear government whom bar Mrs.,2024-01-01 12:03:34
124,151,7,Medical policy none bag pretty law when build letter.,2024-09-03 17:26:13
125,183,53,Year act major agent apply generation.,2024-06-25 22:15:05
126,60,85,Test actually effort remember him stuff teacher pull lawyer fine.,2024-12-07 18:36:02
127,105,3,Forget next hand join race administration may on start there station drive.,2024-05-04 08:52:34
128,160,90,Drive ready lead head phone debate.,2024-03-16 14:06:30
129,137,96,Eat somebody parent attention evening author leg level reveal contain better seem.,2024-07-24 08:16:22
130,82,57,Team sea as join authority moment maintain ground visit partner after inside.,2024-11-16 11:01:53
131,86,27,Simple return music then country worry exactly similar me.,2024-05-23 10:59:49
132,51,79,Subject big yet president environment consider.,2024-01-28 12:02:56
133,7,23,Issue former prove this the fire indicate fine.,2024-11-17 11:41:55
134,88,45,Social agree site area race director marriage clearly operation morning ever this success.,2024-04-08 06:47:16
135,73,67,Consumer receive with number team time fire these key board best.,2024-02-19 12:03:26
136,2,81,Physical case hear where cover something hear.,2024-07-22 06:59:39
137,116,30,Trade sure cup training daughter man attorney trial least him.,2024-08-23 13:05:42
138,73,1,Plan six could only choose born.,2024-01-13 01:35:47
139,199,62,Effort could thus goal along plan along.,2024-05-24 17:25:47
140,45,55,Wife success left ball discuss wife country raise organization sing work.,2024-08-08 01:28:44
141,135,2,Modern court prepare try dream describe early.,2024-05-17 01:58:28
142,84,10,Really mind view air majority artist dream board.,2024-05-30 17:00:42
143,171,17,Tax nothing scientist individual worry base myself child very and situation myself process.,2024-06-03 10:02:22
144,130,66,Because during middle eye task read newspaper big cell Mrs expert writer.,2024-05-18 07:05:23
145,107,55,According cost alone strategy none culture price beautiful financial blue available five.,2024-09-11 07:53:31
146,174,47,Need manager include opportunity though next than market power scientist marriage last assume.,2024-09-22 12:46:13
147,86,60,Firm foreign with above speak if state girl these she owner kid.,2024-01-16 05:07:02
148,131,55,Bank prove color with manager discussion late.,2024-10-09 20:24:05
149,76,41,Both record design son plan try national return.,2024-06-11 13:26:25
150,76,41,Son within laugh game argue side popular perform nice institution.,2024-01-31 11:16:41
151,100,5,Simply medical what vote board physical send your agree mind clearly television.,2024-03-01 17:53:53
152,110,9,Candidate model record middle under consumer arrive edge beautiful inside.,2024-01-15 20:01:04
153,102,67,Its six pressure husband peace group sister.,2024-12-03 07:27:37
154,126,96,Hotel raise attorney clear sign store amount writer its pretty south stand message.,2024-06-15 10:15:04
155,122,93,Way do best big quality increase claim rate.,2024-11-08 22:36:04
156,21,96,Person out few region world professor contain all according fast standard heart bring.,2024-12-12 15:15:33
157,129,56,Market analysis inside yet board plan social.,2024-05-13 06:00:19
158,173,57,Charge conference magazine modern professional whose gun during improve about.,2024-02-05 04:28:47
159,79,13,Recognize nor worry indicate enough cell training off well style investment red.,2024-01-14 22:12:16
160,29,54,Pressure skill coach positive financial throughout three rate wife condition what.,2024-04-14 04:55:07
161,96,62,Eight new evidence floor exist store activity environment back black.,2024-05-14 04:48:22
162,34,39,Produce way within spring information bill service such note.,2024-04-07 03:10:29
163,47,20,Rather event floor ability suddenly wrong sometimes agree close then make.,2024-10-15 00:56:14
164,136,27,Practice research box activity media memory event treatment.,2024-10-13 23:07:10
165,143,32,Night fish form open leader father sort interview street.,2024-10-06 19:05:29
166,81,98,Possible grow end four reduce level recently.,2024-08-03 22:10:45
167,76,2,Group central entire family hope available discover hotel surface girl.,2024-09-06 19:13:54
168,101,29,Outside pretty writer soon should hundred example term hair.,2024-01-28 17:23:12
169,185,35,Whatever Congress choice middle information focus contain line actually opportunity financial much.,2024-06-08 21:35:34
170,197,3,Assume southern off interview expert drug attention tell run sing thus after.,2024-06-09 13:44:02
171,53,82,Husband give get your capital director third truth development keep.,2024-03-10 17:30:42
172,191,39,Last party message ready or bit image realize whether.,2024-09-17 06:05:24
173,8,32,Game gun can large charge film close teach board event recent.,2024-05-15 02:24:06
174,91,32,Step ball instead answer city tough.,2024-01-06 09:33:46
175,176,74,Deep goal quickly fall mouth article hold necessary have over suffer deep.,2024-07-23 18:25:16
176,94,20,Clear lay note onto key trip.,2024-03-30 09:05:54
177,44,53,Commercial behavior floor prove music campaign cut try can.,2024-08-21 07:47:45
178,128,13,Operation while hundred discover conference talk yourself.,2024-11-18 04:03:43
179,177,80,Responsibility fact be particular teach other responsibility commercial return discuss hospital.,2024-03-28 10:48:59
180,18,32,Anyone face both detail lay among shake within.,2024-08-12 18:47:24
181,49,63,Tax together group history provide plan suffer sometimes four really subject beat.,2024-08-13 03:46:32
182,139,61,Line through create argue middle rise sister send under base trade.,2024-02-05 10:47:07
183,77,29,Responsibility government phone six later including minute everyone smile with sport.,2024-04-03 02:36:47
184,45,59,Everything guy whether special perform structure.,2024-05-27 11:17:46
185,12,23,Close child chair manage writer through claim capital six husband might approach race.,2024-04-24 06:59:37
186,200,43,Return drug bar new participant bed other including reflect east I speech.,2024-08-29 22:00:28
187,110,46,Hotel financial wall simply early blood another might someone.,2024-05-07 10:57:53
188,139,45,Pick six crime than research of argue better pick field too school it.,2024-09-02 23:06:06
189,3,92,Class deep dream hair increase poor direction yeah keep career house.,2024-01-23 03:53:22
190,84,98,Standard rate stop natural window end produce summer stop far whose far.,2024-07-19 03:41:30
191,123,53,Career bar of purpose training pattern early among occur dinner.,2024-08-08 01:58:40
192,51,56,Development return alone teach particular amount cut per despite see buy light whose.,2024-03-09 19:32:23
193,87,72,Building fund only leg us recent truth continue help camera place.,2024-02-24 09:59:29
194,162,57,Choose onto least test hold say begin dog.,2024-10-25 23:58:28
195,154,45,Rich many country career drive leader address fund foreign skin.,2024-07-09 07:38:32
196,65,63,Cell mouth central describe country group trial beyond throughout space finish recent.,2024-07-30 13:40:44
197,188,36,Heart central trade oil whole least doctor kind film.,2024-03-18 04:59:25
198,132,44,Civil last state option some senior kid pressure.,2024-02-02 04:10:58
199,141,68,Second already raise show trade perhaps of board rise.,2024-11-13 18:07:27
200,13,51,Data audience option the person responsibility concern spring affect.,2024-11-10 20:58:08
201,185,8,News garden suffer structure everything company.,2024-04-24 06:57:17
202,30,64,Republican wait general simply to need treat.,2024-10-08 03:25:36
203,136,27,Win enjoy movie course senior collection the hear century where.,2024-05-01 14:28:17
204,110,50,Friend training ground drug society big several herself.,2024-04-25 22:44:52
205,51,44,East certainly discuss north detail forget big choice time remain meeting bed play.,2024-04-22 03:18:31
206,129,8,Arrive story stand big school suffer PM mind government first.,2024-05-06 12:53:36
207,84,20,Alone skill night actually the eye race.,2024-09-10 01:38:56
208,26,68,Scientist how vote light improve sport fund time unit finish.,2024-12-15 06:02:08
209,171,96,Somebody recent dog oil base because discussion star similar say there whole hear.,2024-07-06 00:22:15
210,129,27,Attorney light sound provide forward serve party plant indicate.,2024-07-11 21:37:10
211,69,97,All save office student teach fill face.,2024-04-11 15:34:47
212,58,99,Together speak mouth suddenly lot ground mention trial particularly population next.,2024-06-21 00:07:36
213,128,93,That that significant trouble dog late smile or attack walk real book.,2024-02-05 02:16:34
214,48,84,Scene arm media low late practice bank least.,2024-05-06 13:48:39
215,9,18,Activity continue spring language standard strong off quite accept behind own.,2024-08-26 09:24:54
216,34,27,Available from consumer Republican maybe activity network dream arm she question tree early.,2024-12-12 08:06:27
217,139,15,Poor work son can computer race.,2024-12-08 20:47:16
218,143,100,Collection all deep during daughter wish might financial federal change have character store.,2024-05-09 06:54:35
219,43,35,Body Democrat article anything sometimes make.,2024-10-23 23:41:25
220,133,85,Security tonight start positive try her.,2024-04-20 11:37:29
221,86,28,Chair base site change hear structure little or since finish Congress loss knowledge.,2024-12-08 13:22:47
222,147,32,Mouth service him real whole language low party dog trial reduce tell everyone.,2024-11-05 02:32:48
223,3,60,Indeed their customer establish can clearly.,2024-07-18 22:27:15
224,26,87,Recently event expect window him staff whom weight factor miss present free service.,2024-11-30 02:02:32
225,184,64,Great fear bed agency face price travel production activity.,2024-05-17 03:56:07
226,77,92,History month usually summer suddenly upon along like avoid oil.,2024-07-17 14:23:02
227,26,62,During place positive city language little few card foot provide side.,2024-10-11 11:41:03
228,158,38,Dark down indicate close scene fact environmental people.,2024-02-27 21:20:02
229,163,5,Beat yourself manage rather production walk surface thousand.,2024-04-25 14:20:46
230,8,2,Itself senior report weight shoulder might personal.,2024-05-03 09:57:51
231,68,32,Make late camera cold crime raise success deep.,2024-03-06 14:56:52
232,10,70,Process mean huge born door forward bill near ball deep.,2024-02-10 21:06:29
233,81,89,Table seek deal result avoid despite.,2024-05-22 20:54:18
234,98,37,Low next party out cost happen better.,2024-04-06 17:07:23
235,54,78,Issue reflect question across Republican people deal.,2024-05-20 20:17:03
236,55,62,Find south each image difference type send data your fast.,2024-10-29 14:17:26
237,41,100,Road area medical instead war image without perhaps understand money cover.,2024-05-25 07:28:22
238,44,100,Reflect data yes actually all another another value easy themselves question Republican note.,2024-07-01 12:01:38
239,158,41,Enough area back describe energy rest eye degree Mr happy food industry gun.,2024-09-09 12:29:06
240,194,59,Put knowledge ago new think occur.,2024-06-29 08:22:35
241,24,57,Shoulder meet price happen a kid appear ever film decade long.,2024-05-13 20:19:11
242,97,70,Body life live pattern city there visit into leg worker when executive chance.,2024-02-19 10:26:24
243,154,85,Room law likely write off might trouble also throughout environmental middle sea.,2024-06-15 02:30:41
244,162,94,Firm answer somebody see Republican hard memory throughout cold few.,2024-03-19 21:22:18
245,156,74,Rise movie health buy hand book work measure just early expect.,2024-01-13 21:08:26
246,53,56,Summer mean she amount blue size two smile ground.,2024-06-10 11:12:52
247,30,68,Senior stage arm role product enjoy check old those.,2024-02-26 15:28:01
248,7,14,End side early weight my situation green simple.,2024-04-22 21:32:10
249,73,23,Foot wear vote term billion inside beyond evening experience reflect teacher recognize affect.,2024-08-23 19:35:39
250,28,78,It provide behind piece without put down follow trip production low opportunity.,2024-08-06 16:55:11
251,64,62,Avoid heart eye growth key floor around hundred image must nearly talk.,2024-08-16 15:59:07
252,10,33,Run officer public stock usually follow single although.,2024-09-12 20:32:53
253,7,37,Goal exactly challenge example decade indicate attorney organization this big face memory list.,2024-08-16 18:03:41
254,111,12,Sure hear defense owner statement grow.,2024-11-24 22:22:51
255,27,60,Police music onto community hotel music direction see watch teach prepare guess.,2024-03-25 07:35:17
256,175,81,Response send myself story bill question media cell worker indicate only standard simple.,2024-12-07 11:18:34
257,192,57,Music until surface chance always right similar son could.,2024-01-22 09:44:53
258,46,43,Much fund build could line every.,2024-11-05 02:58:11
259,4,77,My time sense turn stock he concern.,2024-04-26 16:39:33
260,150,46,Maybe over nothing however glass talk game Mr bank fish.,2024-09-26 06:23:16
261,73,37,With wrong message worker never state information.,2024-03-22 04:05:15
262,63,29,Bring morning service none agent among not either home sound use two ago.,2024-10-06 07:16:02
263,2,18,Nor election raise woman use quite common enough rule boy fire.,2024-06-01 09:42:50
264,197,12,Strong those name win outside pattern type subject.,2024-02-08 03:03:31
265,178,13,Evening protect population move program yourself participant usually pull month stage able image.,2024-02-14 18:26:37
266,176,36,Free table yard such positive gas night near theory themselves.,2024-03-18 14:19:54
267,12,49,Production language central room strategy else decade speak toward suffer summer change.,2024-07-04 11:34:14
268,200,50,Tax together memory see impact fly.,2024-09-21 17:47:39
269,88,36,Computer take raise manage prevent quickly appear official cut well artist.,2024-03-16 09:16:31
270,131,100,Go open blood serious student join.,2024-08-29 21:28:05
271,26,59,Institution seven evidence do career daughter three modern worry hope gun.,2024-03-02 00:22:29
272,106,73,Simple would finish weight have maybe face explain skill.,2024-09-27 13:41:46
273,178,2,Product buy travel office capital see coach.,2024-10-03 14:42:20
274,54,82,Network result kind item let order.,2024-12-05 12:28:34
275,119,89,North more series process least dream happy lose.,2024-05-07 15:10:26
276,33,5,Draw protect rock southern because one build respond performance wind five enjoy.,2024-07-25 05:51:42
277,113,3,Meet minute bad nice two move theory region place trade individual standard beyond.,2024-10-05 06:24:04
278,4,94,Pick power rest easy member her other hope million sign no short.,2024-04-10 12:29:04
279,183,74,Take rather allow suggest deep within former.,2024-08-30 01:13:00
280,121,46,Even power pressure exist mind population environmental represent force boy whole tell child.,2024-10-17 23:48:08
281,72,87,Art memory these concern add last be after clear.,2024-03-25 12:15:10
282,149,69,Return effort produce Democrat body animal scene successful effect.,2024-09-26 11:59:46
283,135,55,Small just human sure rich rich activity effort child military.,2024-04-17 07:50:23
284,132,52,Wrong office seek house gun same.,2024-07-06 04:11:38
285,23,75,Item common great year cup lot heart west trial approach outside.,2024-08-28 20:17:57
286,19,77,Million since member lot difference five save husband treatment save hair improve.,2024-09-30 03:35:54
287,91,39,Both add maybe or second material analysis including tree scene away.,2024-09-28 05:37:43
288,199,20,Fast force step image TV teacher song despite table head professor.,2024-09-18 03:19:29
289,78,84,Detail activity economy sport information still south able method expert new civil.,2024-09-30 01:58:15
290,58,83,Feeling simple cultural support floor article return.,2024-05-30 20:35:53
291,25,54,Help our mention help will money hope.,2024-05-07 19:23:56
292,71,90,Pick their word accept suddenly cultural manage two piece very possible situation interview.,2024-04-30 14:49:56
293,120,35,Green sort indeed product fill contain cause once box sort campaign job practice.,2024-04-05 05:52:34
294,121,31,Find build would year model interest hold star order.,2024-08-20 06:19:38
295,32,79,Tell room political security teach generation strategy about staff admit participant just.,2024-08-10 14:24:35
296,147,42,Four notice world economic item popular sort amount charge remain.,2024-11-09 01:16:23
297,60,26,Upon beautiful enjoy wait social establish move amount indeed commercial test.,2024-12-01 08:30:49
298,76,89,New seven social part time sign arrive.,2024-05-28 18:54:37
299,164,90,Claim modern unit social a news first.,2024-02-15 21:44:07
300,65,28,Work score government position ahead remember mouth case.,2024-08-15 14:24:08
