post_id,user_id,caption,image_url,created_at
1,85,Grow finally must field usually toward break note artist more determine later.,https://placeimg.com/260/380/any,2024-01-10 23:04:17
2,10,Few president crime car teacher relationship under generation single suffer spring land she as choose address her only couple task.,https://dummyimage.com/925x892,2024-04-09 15:58:00
3,89,Protect everything boy senior assume central wait government must difference south decide.,https://placeimg.com/328/381/any,2024-04-07 22:20:22
4,97,Usually executive like million activity design each line hair issue eye before.,https://placeimg.com/527/722/any,2024-07-18 11:11:23
5,74,Number rich wish make play up become happy simple daughter someone establish conference economy certain pay American garden continue.,https://dummyimage.com/496x673,2024-12-05 21:29:07
6,44,Move owner opportunity music author box issue people address television modern most five American image part federal indicate stage.,https://dummyimage.com/171x124,2024-03-01 20:36:42
7,99,Success perform gas more movement generation she sit concern certain cup act room everything.,https://placekitten.com/408/0,2024-11-16 09:14:06
8,24,Center call arrive certain sound care our rock newspaper station actually either health general dream include.,https://placeimg.com/518/525/any,2024-02-14 21:49:48
9,63,Stock join suggest while program step experience measure education positive.,https://www.lorempixel.com/477/469,2024-06-20 02:06:35
10,82,Late throughout peace support bar pick authority born possible weight discuss level break region.,https://placekitten.com/568/326,2024-05-07 19:48:56
11,77,Wrong parent page much doctor interview indeed store cell health suggest method sure tend every.,https://www.lorempixel.com/335/69,2024-10-17 21:33:58
12,68,Vote but take store either travel wife whole add Congress wife yet end start admit similar structure player.,https://placeimg.com/225/639/any,2024-02-03 04:33:14
13,100,Election language loss friend speech see pretty on tough son available seem at throw also Republican remember someone trial.,https://placekitten.com/557/116,2024-12-01 23:23:20
14,100,Pressure up themselves another nice agent several step fight common security pay report contain whether challenge realize media I.,https://placekitten.com/688/654,2024-01-13 00:37:13
15,71,Range throw almost sell care live challenge sometimes democratic throughout letter floor full shoulder draw moment create whatever participant when our.,https://dummyimage.com/986x662,2024-06-28 04:00:11
16,73,Image act professor exist particular way ability his street total situation involve such.,https://www.lorempixel.com/822/637,2024-07-17 17:46:48
17,82,Rate into money movement test anyone similar leader usually Democrat third member brother fire effort common.,https://placekitten.com/886/1012,2024-11-23 07:54:13
18,5,Lay pay large more want out its tree doctor again professor consider shake school discussion.,https://placekitten.com/670/956,2024-08-30 09:13:11
19,48,Another contain assume charge help quite citizen bit Congress TV season suffer many themselves majority follow deal get design success.,https://placeimg.com/199/693/any,2024-07-07 16:38:16
20,5,Theory talk matter build wall rich yard pick throughout father big find listen entire baby skill avoid left.,https://dummyimage.com/42x535,2024-04-21 12:20:29
21,99,Teach fill when really number cultural business ready still early little country smile agent ten social thing.,https://www.lorempixel.com/221/985,2024-06-09 04:21:44
22,49,Entire could in skin next water any fire read develop each become industry whose red class.,https://placekitten.com/944/326,2024-06-27 02:45:41
23,76,Anything interest treatment true early walk without beat way cover produce everybody TV arm.,https://placeimg.com/10/890/any,2024-09-14 09:05:31
24,14,Hundred oil need check wait reflect fund example society economy car north general research ago treat beyond foot.,https://placeimg.com/701/103/any,2024-02-23 23:15:16
25,100,Majority against most budget growth just event help agent accept fund pattern partner season idea yard.,https://placeimg.com/245/533/any,2024-11-11 19:17:03
26,91,Three write town improve force at bag writer system seven stay.,https://dummyimage.com/957x1010,2024-10-10 10:49:21
27,6,President fish federal too upon method would choice cell radio civil administration here.,https://placeimg.com/253/35/any,2024-01-04 01:47:01
28,52,Writer loss federal piece consumer hear pressure behavior manager collection condition himself develop explain gun speech address could rule contain.,https://placekitten.com/123/336,2024-05-05 15:37:52
29,76,Own develop him sound I hundred see present relate record vote above exist tonight try heavy.,https://placeimg.com/608/840/any,2024-01-22 12:06:40
30,100,Able send whatever manage letter generation hair deal discussion out democratic of election where successful against account white.,https://placeimg.com/829/319/any,2024-11-02 02:30:59
31,81,School around senior sense within college law region security machine.,https://placeimg.com/913/842/any,2024-02-08 17:15:36
32,100,Born leave street general box not get most true hundred hair control special above ahead board worry guy form maintain.,https://placekitten.com/142/235,2024-02-08 00:40:17
33,91,End state and few yourself individual important explain avoid authority night mouth produce rather.,https://placekitten.com/264/534,2024-08-30 07:35:07
34,11,Go record rate from compare indicate house product their far include floor east first report affect degree here candidate available.,https://placekitten.com/286/581,2024-02-19 09:30:11
35,6,Evidence space available floor according everyone step truth fly.,https://placekitten.com/575/7,2024-07-05 07:30:43
36,96,College operation security if gas hot performance half interesting their real born street instead floor example continue.,https://dummyimage.com/446x451,2024-02-09 01:18:04
37,45,Recent open activity standard road language accept brother real.,https://placeimg.com/631/677/any,2024-07-04 14:22:50
38,40,Agent seven north want she manager raise understand bring wind drug sister speak responsibility fund long political.,https://placekitten.com/56/846,2024-10-19 20:29:47
39,72,Seem before walk develop bed moment imagine sort lose attention nice hit idea speak on most front culture.,https://placekitten.com/87/483,2024-09-15 03:42:38
40,6,Conference commercial subject enter audience race size watch agreement bill statement sure then amount participant choose field.,https://www.lorempixel.com/450/970,2024-10-17 08:57:58
41,82,Food add either enter test need simply stop guy free audience within food.,https://placekitten.com/72/671,2024-06-18 14:58:29
42,11,Store matter check whom culture lay until represent newspaper seek all scene within.,https://www.lorempixel.com/62/515,2024-09-19 16:54:51
43,19,Respond since reveal woman yet take tree which as far government notice whether recognize view glass.,https://www.lorempixel.com/828/884,2024-09-15 02:11:01
44,94,Information administration customer eye respond until assume hotel let their audience service seat character.,https://dummyimage.com/814x672,2024-02-02 19:09:43
45,81,May across TV entire throw area produce place consumer north add Mr more travel.,https://www.lorempixel.com/970/350,2024-11-27 00:56:04
46,53,Opportunity single task effort must well store across record necessary.,https://www.lorempixel.com/119/879,2024-09-25 14:59:06
47,50,Himself wish also economic in here live tell economy travel law arm foreign while response north there where read focus quite.,https://www.lorempixel.com/201/56,2024-11-23 10:51:18
48,97,Leave tend human month heart chance care color up use from move officer history area begin cause respond sell.,https://www.lorempixel.com/319/220,2024-01-26 14:59:58
49,88,Me option return also report over against explain television whether answer education.,https://placeimg.com/160/462/any,2024-05-18 16:40:56
50,83,Skin around environmental travel course treat city return production bag worry huge generation hundred stock different.,https://placekitten.com/749/168,2024-11-07 09:43:49
51,32,Current focus fast add stuff herself over give radio ready always morning happen argue.,https://placekitten.com/964/1012,2024-02-16 12:58:18
52,81,Example write enough develop college line clear everything way leader you power.,https://www.lorempixel.com/835/708,2024-09-30 10:45:34
53,9,Feeling from left parent check down class decide truth responsibility.,https://placeimg.com/422/189/any,2024-02-14 22:14:43
54,38,Positive they it only government teach everyone while likely move painting success size deal much opportunity work head increase top.,https://placekitten.com/736/89,2024-10-20 23:15:58
55,42,Conference easy conference term share pick coach note activity strategy remain cover police us raise fill but task organization ground dark.,https://placeimg.com/87/711/any,2024-07-19 03:15:26
56,69,Event same affect shoulder five child black garden they call Republican find action.,https://dummyimage.com/1020x943,2024-06-10 05:21:35
57,94,Parent camera eat hotel somebody science them common visit he very specific own decade protect method else he pass.,https://placekitten.com/815/896,2024-06-09 02:34:01
58,83,Member Democrat spend start reality goal represent large white there instead responsibility require.,https://placekitten.com/261/362,2024-09-12 22:33:54
59,88,Everybody short even break finish deep month woman eat institution born protect benefit event job.,https://dummyimage.com/318x28,2024-05-05 20:02:57
60,13,Pattern important expert something upon night land begin mention western which ability analysis matter fund.,https://www.lorempixel.com/957/791,2024-11-05 09:57:43
61,80,Service particular foot success fund all standard sister energy since poor pass.,https://www.lorempixel.com/686/524,2024-08-28 22:15:53
62,38,Kitchen today father bad third off dark quite believe Mr Mrs might customer own without edge.,https://placekitten.com/236/847,2024-02-29 06:49:00
63,7,Hundred price article if science occur good both course.,https://placeimg.com/668/733/any,2024-01-19 21:51:44
64,55,Sound very before carry ago here onto smile pull Congress beyond cost college environmental arrive interest old range population.,https://www.lorempixel.com/616/806,2024-11-13 22:35:15
65,5,Individual others program sort morning somebody prepare tax might fine third firm.,https://www.lorempixel.com/442/561,2024-04-05 23:01:34
66,58,Brother second next gun according dark state mouth land speech movie late dark TV let democratic important.,https://placeimg.com/292/884/any,2024-12-04 16:37:54
67,56,Which begin important attack pretty resource write law defense.,https://dummyimage.com/794x174,2024-06-24 00:28:15
68,36,Later live human mother hear ten PM audience hope instead front.,https://dummyimage.com/841x696,2024-09-05 16:47:43
69,62,Many top civil investment hundred figure watch best bit painting standard simple story market executive try service friend cultural science.,https://www.lorempixel.com/443/351,2024-08-01 13:15:39
70,87,Part high service against staff conference beat discover especially.,https://dummyimage.com/548x669,2024-05-14 14:10:37
71,39,Population build least attack tough boy just town summer tonight ahead station dinner relationship career western find end play majority lead.,https://www.lorempixel.com/430/557,2024-09-25 14:31:36
72,48,Feel authority moment see individual for just opportunity so hour past sign such present usually read career.,https://dummyimage.com/360x889,2024-04-26 15:16:58
73,21,That rather over school prevent in respond better stop mean light seven standard treat develop south hold cover out light.,https://www.lorempixel.com/808/30,2024-04-29 20:05:10
74,48,Here letter hair choice check to collection remember impact.,https://dummyimage.com/417x246,2024-08-13 16:31:25
75,17,Shoulder better make my nice someone then machine page others behind cut it Mrs later deep mission main the.,https://placeimg.com/235/338/any,2024-02-10 03:44:56
76,83,Church buy behind approach ok by chance measure military customer end father too system build seek guess morning.,https://www.lorempixel.com/306/813,2024-06-06 18:31:02
77,25,Continue job Democrat option thank among animal artist authority it appear director account series.,https://placeimg.com/585/571/any,2024-05-11 09:25:52
78,98,Share what see statement responsibility beyond change these Mrs.,https://www.lorempixel.com/924/256,2024-04-07 09:43:27
79,93,Assume else every design sound only thank fly force real second week same gun.,https://dummyimage.com/509x36,2024-04-27 00:09:33
80,80,Agreement over create a help close beautiful wish Mrs media traditional break purpose eye style action clearly sing show.,https://placekitten.com/507/218,2024-07-09 13:11:49
81,96,Animal fear she newspaper word dog training instead yard analysis manage event report figure spend forget whether accept.,https://placekitten.com/86/166,2024-07-08 18:01:52
82,94,Rich many tax agent finally view and present become sort research art there loss after none once take week report.,https://dummyimage.com/468x653,2024-08-18 16:18:41
83,86,Experience end work foreign purpose act green wonder design.,https://placeimg.com/395/919/any,2024-10-26 09:12:33
84,42,Behavior point much ten trade environment movement arrive treat while per human explain myself once sing myself source month method matter.,https://dummyimage.com/373x550,2024-02-22 11:20:42
85,43,Support knowledge next resource miss although under single be couple better common.,https://placekitten.com/373/421,2024-01-27 15:38:23
86,90,Ground individual third sell here prove bag military none make anyone each draw meet test.,https://placekitten.com/398/485,2024-08-16 07:42:30
87,20,Writer once individual difference sing if book while office.,https://www.lorempixel.com/747/413,2024-05-22 15:02:35
88,63,Smile military main walk there age bring side charge court there smile general prepare.,https://www.lorempixel.com/313/292,2024-07-13 02:07:35
89,22,Wear project necessary again article door hard phone citizen among whole step begin inside economy wish.,https://placekitten.com/1018/158,2024-09-29 04:17:32
90,18,Little scientist bad person fight stay most security quality Republican.,https://dummyimage.com/15x634,2024-09-02 14:00:10
91,22,Eye production subject change threat few eat but begin.,https://placekitten.com/969/241,2024-06-15 20:01:12
92,17,Stop likely miss college change animal future technology step group.,https://www.lorempixel.com/617/782,2024-11-19 08:40:13
93,13,Suffer industry fight card life present boy become front herself not young return.,https://www.lorempixel.com/593/38,2024-10-28 09:16:01
94,28,Never land magazine free today she along know employee respond may kid onto design wear surface.,https://placeimg.com/133/722/any,2024-11-18 07:44:22
95,38,Rock now pressure in myself message environmental government lay network front phone red deal child report.,https://placeimg.com/636/522/any,2024-05-24 08:14:18
96,4,Nor bag response money our organization participant big when address concern business cup too born explain hold.,https://placeimg.com/179/291/any,2024-07-25 10:36:25
97,39,Always continue very cell wish role price record ready coach describe question.,https://www.lorempixel.com/952/77,2024-04-26 04:21:33
98,98,The role thousand hold black position leg hope more.,https://www.lorempixel.com/201/992,2024-09-27 20:16:49
99,57,Yes must degree miss center site also nor for.,https://placeimg.com/643/176/any,2024-08-19 06:50:29
100,40,Movie rule agent method evidence number happy responsibility necessary agree others.,https://dummyimage.com/352x920,2024-03-16 22:59:25
101,100,Only rise environment factor than partner consumer sound name new art public or anyone performance top practice.,https://www.lorempixel.com/924/818,2024-04-06 11:07:08
102,42,Develop white gas each hair memory whose matter can pattern pick study mind plant central.,https://dummyimage.com/135x662,2024-12-05 09:22:14
103,76,Job continue include manager cover career future pattern question plan idea way manager week decide financial once less.,https://dummyimage.com/769x742,2024-05-20 08:18:59
104,37,Notice each degree should themselves develop pay human fear positive view green.,https://dummyimage.com/691x731,2024-07-14 10:07:01
105,13,Clear goal sure near time throughout memory doctor manager loss both occur concern question company exist third discover.,https://placeimg.com/824/739/any,2024-10-20 23:53:01
106,30,Out eight wait option score clear challenge develop thing total outside likely.,https://placeimg.com/328/555/any,2024-09-25 08:37:39
107,40,High world story game list conference onto very director conference station Mr fast.,https://dummyimage.com/233x412,2024-07-08 06:34:06
108,59,Understand middle relationship nice strong blue environment race for forget mean former around question at.,https://www.lorempixel.com/890/446,2024-02-06 09:30:12
109,91,Agent city something low through father difficult though rich under shake good stay no.,https://placeimg.com/651/262/any,2024-05-16 06:32:18
110,95,Son from join culture build against now during machine field.,https://placeimg.com/170/693/any,2024-12-07 20:36:49
111,94,Someone go ability key play test best example cause large at approach mean stage project southern certainly skin executive.,https://placeimg.com/493/756/any,2024-07-13 01:29:22
112,44,Teacher less me live mission address moment better score month onto consider offer surface sound thousand lead address forward bring response.,https://placeimg.com/223/36/any,2024-06-10 06:09:50
113,11,Different leader another lot board goal none class sea.,https://www.lorempixel.com/506/1018,2024-05-09 14:48:49
114,52,Voice idea we drive investment study minute decision run perform risk meeting case seek nice two.,https://dummyimage.com/700x978,2024-06-13 23:56:30
115,92,Memory herself tough military late continue admit evening who.,https://placeimg.com/449/688/any,2024-10-29 20:37:09
116,57,Everybody black important right fund ask learn statement social particular.,https://placeimg.com/345/297/any,2024-09-23 14:15:31
117,24,Later around memory serious value mention friend bill enjoy.,https://www.lorempixel.com/103/895,2024-01-15 23:32:18
118,94,Health space process cut machine increase while thousand democratic continue car young generation time do down win attack.,https://placeimg.com/7/450/any,2024-04-24 00:31:03
119,92,Century law letter standard market walk address maintain consumer least dinner.,https://www.lorempixel.com/737/755,2024-09-07 23:01:55
120,54,Moment practice indeed cell television something dark him chance little Mr green even fine fear him send second left law.,https://dummyimage.com/888x72,2024-08-18 04:06:07
121,6,Poor few choose television inside whom several remain material easy look now.,https://placekitten.com/863/227,2024-11-07 22:59:38
122,84,College admit officer southern natural know save plant son throughout agent health style above happen statement final pick myself.,https://www.lorempixel.com/444/74,2024-05-13 18:22:00
123,3,Provide mother first dream say few customer nearly sure north middle age side avoid which may man simple soldier kitchen.,https://placeimg.com/710/897/any,2024-07-03 10:07:28
124,38,Six share will collection on baby entire staff several back though scene glass hold movie toward.,https://www.lorempixel.com/759/105,2024-01-21 16:45:36
125,2,Support every table develop action more style them matter trouble visit hotel fall north animal staff often.,https://placekitten.com/196/190,2024-03-15 03:41:11
126,8,Notice south success meet determine matter also special study show soldier leg.,https://placeimg.com/251/266/any,2024-11-01 13:51:09
127,77,Test foot recognize place image growth drug technology ahead house later partner focus age garden service go feel environment better.,https://dummyimage.com/1023x565,2024-01-16 22:23:31
128,3,Health voice both expect compare beat rate site technology whom business happy join before.,https://dummyimage.com/554x934,2024-08-19 09:24:47
129,60,Speak second despite coach eight two reason suggest around look degree catch prepare much treatment.,https://www.lorempixel.com/548/816,2024-03-05 06:00:03
130,86,Economic college after wife stay article contain here series teacher test worker present magazine couple building.,https://dummyimage.com/390x1013,2024-08-04 23:53:17
131,70,Matter nice apply fly reality box return out investment.,https://www.lorempixel.com/1019/928,2024-11-20 20:01:24
132,87,Like which impact opportunity mind yeah yard lose like buy it building message bag responsibility thus almost image choice statement.,https://dummyimage.com/876x271,2024-10-12 16:41:34
133,34,Agency region pass support material head act build happen child peace word toward nice husband four industry both certainly.,https://www.lorempixel.com/865/174,2024-08-27 01:15:26
134,36,Memory senior hair agent truth source building trade staff local share arrive among agent ten action fire election bank.,https://dummyimage.com/425x906,2024-02-02 22:56:11
135,88,Wide PM big strong how career break anyone book.,https://dummyimage.com/317x898,2024-01-14 23:38:09
136,10,Tree wonder recently challenge join every road environmental what policy.,https://www.lorempixel.com/239/329,2024-04-02 03:44:23
137,74,Bag very next difficult report around benefit that friend sister visit go especially guess throw worry set economy money film.,https://placeimg.com/439/874/any,2024-06-21 11:01:09
138,92,Figure TV usually miss six information but public around poor life front interview industry Democrat tree any.,https://placekitten.com/1011/540,2024-07-18 11:48:37
139,87,Worry goal around serve election cause war word military change source four term people.,https://www.lorempixel.com/502/1004,2024-04-27 09:31:54
140,82,Understand ever environmental letter simple foreign beat walk learn the heavy season sign way ground police.,https://placeimg.com/140/295/any,2024-08-27 01:48:59
141,24,Mean serious talk reach fish whatever admit risk manage rest safe soldier action write up.,https://placekitten.com/795/39,2024-01-17 18:46:12
142,80,Evidence wind off return all power political business whom down during choose full really discussion throw thousand.,https://www.lorempixel.com/463/1010,2024-03-23 14:52:48
143,44,Black garden quite staff bad shake movement born section soon compare over cause agreement article great.,https://dummyimage.com/59x423,2024-07-11 06:03:19
144,73,Onto local sign require market control management ago no middle bed finish there board TV cold.,https://placeimg.com/361/54/any,2024-05-02 19:17:15
145,34,Relate protect perform professor never after agent east on business specific project hair activity site nor meet seven.,https://dummyimage.com/7x489,2024-06-12 19:52:51
146,22,Admit day will land among born point course history safe skill important standard relationship recent continue.,https://placeimg.com/980/227/any,2024-06-21 08:06:32
147,3,Research smile within happy among entire letter authority campaign science would no.,https://placekitten.com/779/956,2024-06-25 08:30:30
148,33,Watch who return ready mind consider education choose space ago natural need save return information himself.,https://placekitten.com/896/230,2024-02-14 23:54:49
149,20,First should hard effort pretty apply almost outside kitchen attack program concern population no respond society three agent future.,https://placekitten.com/873/99,2024-01-09 07:47:08
150,57,President break drive everything again art point risk class bag throughout heart before child get record.,https://placekitten.com/224/173,2024-10-30 07:06:44
151,33,Good something somebody catch name cold east science small use question real.,https://placeimg.com/826/831/any,2024-08-20 07:40:13
152,10,Past central both street offer adult season interview market turn more into through.,https://placekitten.com/655/746,2024-07-09 01:48:14
153,37,Compare threat fine them Republican cell thought window term.,https://dummyimage.com/818x814,2024-10-25 02:22:41
154,3,Rich as she cell always specific under party continue including partner eight discussion interview.,https://www.lorempixel.com/652/711,2024-10-25 19:53:08
155,16,Health fine travel suffer many though born possible former should.,https://placeimg.com/258/229/any,2024-08-06 01:49:09
156,52,Director apply young others only parent into spring her other wrong foreign able grow control.,https://www.lorempixel.com/54/804,2024-08-26 00:27:44
157,33,This vote none economic through work reason beautiful themselves Republican.,https://www.lorempixel.com/774/23,2024-04-03 04:40:13
158,83,Most lose author already feeling dinner source wait agree analysis on building smile.,https://www.lorempixel.com/12/376,2024-02-24 22:27:47
159,99,Evening baby might letter talk according happy similar form American despite.,https://dummyimage.com/910x635,2024-07-31 06:31:33
160,55,Behavior option poor hold key cultural respond top between good attention product.,https://dummyimage.com/814x885,2024-02-27 08:34:11
161,46,Rise arrive bad beyond cost when official allow skin woman interesting use south run imagine almost voice at.,https://placeimg.com/151/325/any,2024-04-26 06:21:24
162,48,Adult decide chair organization policy right hold must despite trial suffer morning break against outside.,https://placeimg.com/700/546/any,2024-01-02 02:13:30
163,100,Life past stay front traditional however individual likely result about economic science.,https://placekitten.com/183/560,2024-12-03 05:51:35
164,13,None area way media until before ahead white test condition build capital discussion hot affect despite me president present.,https://www.lorempixel.com/1008/88,2024-03-09 03:31:58
165,2,Seven establish important finally alone technology simple natural stage available future number hold power finish simple water subject.,https://placeimg.com/691/543/any,2024-04-01 21:56:17
166,36,Foot race share central anything doctor effect anyone wide bad artist until consumer do watch and positive attack.,https://dummyimage.com/70x40,2024-10-01 02:00:32
167,82,Believe probably every author course street consumer leg stuff blue mother son property hear ask rather magazine while model.,https://www.lorempixel.com/804/451,2024-08-24 19:28:16
168,57,Manager necessary seat less wrong course watch image safe debate information after how thought.,https://placekitten.com/387/966,2024-03-29 05:17:54
169,82,Mouth born though huge middle treatment product arm throw attack short.,https://www.lorempixel.com/743/921,2024-12-04 21:22:50
170,56,Affect general lot picture agreement say better watch white would upon feel charge sit staff west.,https://www.lorempixel.com/23/972,2024-08-29 19:29:12
171,53,State open throughout next week summer by subject land face.,https://www.lorempixel.com/607/553,2024-01-08 13:39:10
172,66,Modern remain camera federal paper drop address message thing week region option security common.,https://dummyimage.com/316x409,2024-12-01 22:14:19
173,58,Strategy art term near wait house maybe six operation speech store teach public.,https://dummyimage.com/462x619,2024-10-15 15:44:18
174,31,Mention lose range American carry meet upon consider pattern least election own baby process water against community take but.,https://dummyimage.com/224x787,2024-08-31 01:03:21
175,27,Project that these career tough difficult discuss culture around role plant.,https://dummyimage.com/758x399,2024-02-06 18:32:30
176,20,The week material either shoulder business response cell practice experience seem defense Democrat road course thought here attorney matter PM.,https://www.lorempixel.com/800/695,2024-11-30 11:03:56
177,88,Hundred recently avoid least ahead before son there sign offer as fall often represent key price concern tonight.,https://placeimg.com/234/812/any,2024-05-22 19:35:27
178,1,Peace must stop give compare campaign computer government ever window product.,https://placeimg.com/998/159/any,2024-04-26 03:32:06
179,69,Late politics thought develop might toward expect we order west spring according ever loss example action article so affect really.,https://placekitten.com/422/23,2024-10-06 19:07:59
180,8,Cause red throughout money several after example rich education fast cold size shake industry build once room a far choose.,https://dummyimage.com/227x91,2024-06-10 10:29:51
181,57,Too less our concern try power with small us.,https://placeimg.com/222/303/any,2024-09-27 22:18:15
182,76,Oil far or apply thousand about maybe material move nearly protect attack country foot dinner production might with.,https://placekitten.com/790/971,2024-08-28 05:56:37
183,82,Particularly professional if total success low science claim former north nearly likely almost.,https://dummyimage.com/146x456,2024-07-22 02:07:30
184,93,Bad main physical himself fire decide various bed political loss business world.,https://placeimg.com/684/219/any,2024-08-04 16:38:15
185,47,What positive turn other eat bag together know imagine pass order over century.,https://placeimg.com/361/943/any,2024-04-11 01:36:11
186,60,Himself rule assume entire son against pass shake discussion standard market apply interesting trip show bad.,https://www.lorempixel.com/490/777,2024-05-10 18:23:16
187,53,People hundred south simple road people teacher whatever western game garden budget life rather summer remain last great.,https://www.lorempixel.com/831/797,2024-10-02 09:42:34
188,91,Guess word particularly weight base coach rock seat water past president one walk check their memory hotel north.,https://placekitten.com/644/305,2024-11-07 12:42:50
189,54,How cut eye commercial maintain art rich seat memory heart response voice table fine case trade best media middle.,https://placekitten.com/72/546,2024-02-19 23:33:40
190,76,Machine west difference remember decision offer think old spend place argue I should majority prepare treat free evening bank.,https://placeimg.com/560/646/any,2024-01-27 16:31:38
191,21,War environmental politics save have prove perhaps live social modern.,https://dummyimage.com/151x555,2024-08-04 04:31:28
192,77,Evening begin discussion increase according relate since development when this.,https://www.lorempixel.com/129/340,2024-12-09 07:23:22
193,73,Value skill push than stay such it cause yeah.,https://dummyimage.com/368x393,2024-09-28 22:31:52
194,37,Feeling them majority else yet player kind billion agreement military specific black anything magazine per away thought only.,https://dummyimage.com/196x686,2024-11-07 09:04:42
195,100,Weight investment gas while international citizen life ground arm thousand gun yourself run different.,https://placeimg.com/889/697/any,2024-08-18 21:18:42
196,7,Attention commercial child always else material minute relationship always figure possible result.,https://www.lorempixel.com/773/550,2024-03-16 03:30:23
197,95,Guy benefit say bring and five think issue agency mother around source the manage hospital American.,https://placekitten.com/134/248,2024-10-26 15:54:39
198,26,Much sometimes much right senior make defense month admit.,https://placeimg.com/61/27/any,2024-12-08 12:40:26
199,62,Talk cup already language stand lot how shake turn but yard during recognize.,https://dummyimage.com/329x148,2024-04-25 16:11:25
200,4,Act former spring and production nothing lawyer throughout former recent try there scene stuff identify.,https://placekitten.com/553/178,2024-06-19 18:46:28
