user_id,username,email,bio,created_at
1,qwilson,christophermorgan@ingram.com,Girl total help study past believe often contain decision like policy who.,19-01-2024 18:59
2,trevinomichael,zacharylambert@moss-brown.info,Wear vote week where soldier protect.,30-10-2024 10:30
3,brownjonathan,amandataylor@yahoo.com,Possible describe particularly oil close whole out president behind.,24-10-2024 09:49
4,garyallen,rileyluis@hotmail.com,Until citizen leg win official whether seven commercial green.,02-05-2024 11:45
5,jessicanguyen,jimenezstephen@gmail.com,Scene fight score put house fight indeed interest set have.,13-04-2024 18:23
6,davisashley,mcdowelljessica@travis-yates.org,Rise magazine safe might need base machine set beautiful sister fall should entire.,29-03-2024 07:35
7,smithmorgan,carol79@cunningham-singh.com,Bed common might run would else million from indicate share political third trade.,28-07-2024 07:36
8,uboyer,simsscott@richardson.com,Free none usually because finally idea medical.,16-02-2024 02:11
9,bruceandrews,claire45@hotmail.com,Think statement medical sea official size blue you house.,06-10-2024 22:03
10,thomaslouis,cbrown@petersen-walker.com,Thousand expect food floor less hard guess end.,18-11-2024 10:54
11,scottblankenship,lopezthomas@downs.com,Energy believe grow western clear over difference change such paper let.,09-02-2024 08:47
12,vshah,petersonmelissa@yahoo.com,Half every could sport popular Democrat particular collection effect painting.,27-01-2024 10:16
13,jadereyes,david86@yahoo.com,Light perhaps movie everyone quickly term side and chance.,13-06-2024 06:35
14,robynhurley,cjones@gmail.com,Summer picture someone practice production hour job war to ahead camera require instead.,06-12-2024 05:28
15,anthony93,wellsmark@gmail.com,Social house try memory activity offer tell clearly reality know pressure.,18-11-2024 09:37
16,ulee,michael28@smith-torres.org,Future each fund American four dinner reach whom those service arm.,08-04-2024 21:15
17,zboyd,anthony43@brooks.org,Process happen similar movie fire enter room enter seek.,30-07-2024 13:47
18,ttyler,tommypitts@hotmail.com,Store group threat page foot father cost let they loss admit.,04-10-2024 05:50
19,tracytaylor,sherry56@mccoy-roberts.com,C:\Users\Admin\Downloads\users.csv,23-03-2024 03:58
20,amyweaver,benjamin22@davis.com,Impact type long economy expert off list it.,14-07-2024 16:24
21,katherine81,dkeller@gmail.com,Service its class specific important check Democrat manager weight.,30-03-2024 05:09
22,gail57,jeffreyroth@yahoo.com,Hold medical likely about price business move.,20-09-2024 05:55
23,traviswilliams,david07@hotmail.com,Street white cause join table help strategy investment place least small if.,04-01-2024 00:35
24,schultzdaniel,xwilson@hotmail.com,Road prepare investment probably claim whole party statement value tax human.,30-10-2024 20:30
25,fjacobs,carrollkenneth@gmail.com,Ever run open throw computer human different.,12-05-2024 03:20
26,mistyirwin,transean@gmail.com,Everyone work present kid such question mouth.,31-03-2024 22:35
27,jdavis,kara63@rice-reed.info,Business early tell face all on.,13-12-2024 08:20
28,jessica26,gregoryriley@frost.net,Medical down should idea ahead remember leader traditional democratic boy party many city.,25-04-2024 04:38
29,dsummers,robert73@golden.net,Wall television capital themselves however mention send bank better read.,01-06-2024 04:45
30,bullockamy,sandersjose@colon.info,Play both size head life give street into in.,16-01-2024 04:22
31,lindahays,lauren61@yahoo.com,Site choice trouble kitchen position later wind.,16-06-2024 08:02
32,sullivanmatthew,diane32@gmail.com,Compare carry might others around stand until effect fall.,07-10-2024 17:47
33,oconnorstephen,robertsonmichelle@villarreal.com,Fear employee debate maintain lawyer night far need senior share western yet always.,02-12-2024 20:04
34,mjackson,kennethfowler@nelson.com,Significant scene officer under rate these sometimes sell affect word control.,05-05-2024 14:12
35,eugenegoodman,austin73@caldwell.org,Speak start treatment so mind almost buy scientist power.,23-09-2024 08:05
36,laurareed,ggarcia@schroeder-carpenter.com,Yeah good term believe down account.,24-08-2024 14:47
37,dtaylor,jose27@hotmail.com,Kid artist there piece degree write financial avoid article north.,07-11-2024 22:56
38,ronald56,monicarussell@hotmail.com,Possible sell cost born affect matter might history watch interview.,06-07-2024 23:39
39,evanssteven,nathanielmyers@hotmail.com,Performance perform listen air table yourself prove difficult understand son.,31-01-2024 09:13
40,jeffrey05,juliesanchez@gmail.com,Alone food professor church forget your same develop government run describe.,21-08-2024 02:31
41,kathleenmoss,joseph18@hotmail.com,Upon customer law response sign special other will green worker.,27-10-2024 23:10
42,bfisher,pbates@copeland.com,First them where share top suggest plan late picture imagine need your reflect.,18-02-2024 08:48
43,howellpatrick,elijah97@moran.com,Nearly similar huge actually body network.,11-05-2024 09:20
44,harristony,steven31@williams.com,Matter production how individual almost happen individual doctor music ball drop no structure.,22-10-2024 13:47
45,rsilva,andrewacevedo@gmail.com,Relate assume live worker doctor feeling public score institution to.,28-02-2024 04:32
46,annscott,marshalldenise@coleman.com,Bad this wonder card education those.,08-06-2024 15:12
47,daniel34,alyssadiaz@gmail.com,Deep listen fear everyone manage out maybe paper computer police establish another relationship.,11-04-2024 13:53
48,chelsea07,heatherwright@york-ortiz.info,Leave discuss federal media nothing item third box song magazine mouth.,02-07-2024 17:56
49,wendy56,nicholas33@yahoo.com,Focus book among trial like follow attention late painting.,14-11-2024 00:14
50,shelleycarrillo,gary26@smith.com,Public move fall arm without white even list effect.,11-04-2024 11:06
51,hickscindy,castillopaul@hotmail.com,Happy her value her participant school him success arm charge inside day.,21-02-2024 03:33
52,freemanmichael,daisy06@sanchez.com,Change situation trip account may building.,11-12-2024 12:15
53,millerjames,bparker@gmail.com,Cell our give eye wrong those medical others.,31-01-2024 10:07
54,richard76,kristophervazquez@morales-barnes.biz,Place truth maybe floor gas figure.,29-05-2024 15:22
55,dixonbonnie,cameronbaker@gmail.com,Yeah activity the itself blood southern building pressure couple close pressure back three.,30-07-2024 19:54
56,burkealicia,gsanford@bowers-suarez.com,Theory option begin many property side break.,20-02-2024 20:54
57,zacharywhite,elove@gmail.com,Deal just high special treat determine ball name turn option city five.,05-12-2024 21:32
58,robertsleonard,tiffanyperry@martin.info,Well will effect treat remain hour.,31-03-2024 15:12
59,connie34,jonesdorothy@gmail.com,Staff event raise form perform blue make.,29-08-2024 11:59
60,zoe28,javier06@hotmail.com,Also item cultural program here back yes word sometimes or include.,14-11-2024 08:51
61,grayjennifer,paulfleming@hotmail.com,Loss dark become everything along officer.,19-08-2024 12:18
62,blakemonroe,zmcknight@gmail.com,Sit better appear world quality pay majority arm political how where.,03-07-2024 04:42
63,bushjessica,hduke@gmail.com,Tv fight part one including dog likely since medical debate expert.,23-01-2024 21:03
64,cody06,probinson@yahoo.com,Word program check popular approach maybe whose level.,15-08-2024 16:39
65,gomezleslie,frivera@weaver-graham.com,Quickly describe more late west safe other often guy choose future trade begin.,18-01-2024 14:58
66,foxdavid,ryoung@gmail.com,Our but wait owner affect beat for feel act claim do.,19-11-2024 08:02
67,cristian08,alexander49@hotmail.com,Answer certainly yes night director side money drop ask unit cup own.,20-05-2024 22:02
68,megan19,bmorales@hernandez-anderson.com,Ball always fear social sure business usually deep consumer a arrive.,11-10-2024 16:22
69,molinadawn,hobbschristie@gmail.com,Key reduce stay I artist ground feel environment policy and air.,17-11-2024 04:21
70,anne48,nathanruiz@garrett.com,So we service half during drive though administration.,26-01-2024 06:47
71,hannahelliott,nealdaniel@waters.biz,Myself level thank different fly when include chance decide subject.,16-12-2024 08:35
72,markfigueroa,howardryan@schneider.com,Himself long ability focus base form team message stock level in paper down.,25-11-2024 23:22
73,jacqueline72,pennywright@hotmail.com,Push heart certainly his similar loss local challenge.,27-08-2024 02:36
74,billy20,wferguson@strickland.com,Civil way unit bag politics discussion personal actually capital section series head.,13-10-2024 20:53
75,wardchristine,brendadavis@gmail.com,Doctor hear data policy myself their whole guess traditional value.,10-12-2024 05:54
76,joneshaley,jwatkins@wilson-mathis.com,Minute eye radio rest lose care science.,22-10-2024 06:09
77,dominguezbrenda,lmartinez@walsh-wu.com,Population organization wonder growth whether space.,30-04-2024 08:26
78,cmay,ramirezmichael@fisher.com,Agent former show toward time when education story.,13-05-2024 18:25
79,kennethwhitaker,roachwanda@hotmail.com,Particular step though position herself rest trial difference five employee.,29-05-2024 17:28
80,ronald84,tamarasolis@yahoo.com,Either consumer base collection artist know surface.,17-09-2024 01:45
81,daviskenneth,davidarias@hotmail.com,Keep usually whose born scene explain fly.,31-03-2024 21:53
82,khill,danielle64@mayer-williams.com,Us protect television heart save she cell experience there leave responsibility.,12-10-2024 05:17
83,shannonbrown,mbarnes@murphy.com,After bit ball interest fast carry.,07-02-2024 03:18
84,pateldennis,jaredarnold@harrison.com,If experience theory sense sit man black in history investment.,30-03-2024 04:32
85,pattoneric,ariasjennifer@moore-roman.com,About writer bar lay nearly forward prove gas hair help.,30-01-2024 21:21
86,jamesbryan,glassjessica@yahoo.com,Determine draw produce executive general necessary half role church.,01-01-2024 13:33
87,maryhamilton,christopherhogan@reeves-howard.com,First case despite card memory story nearly exactly chance no region manage send.,14-09-2024 09:55
88,leestokes,dhatfield@hotmail.com,Able almost affect book check pick turn because size.,22-02-2024 14:03
89,sharon83,jonestimothy@yahoo.com,Issue teach view series knowledge president.,20-01-2024 19:56
90,heatherin,michaelvaldez@reid-johnson.com,Senior think positive fire likely service teach soldier offer amount member happy fire.,28-08-2024 06:58
91,jessica17,michael67@gonzalez.info,Name national better benefit exist point then reach last.,29-08-2024 19:42
92,gabriel28,uwilliams@logan-richardson.com,Government quickly continue century during crime.,28-08-2024 14:14
93,kblack,jessicanorton@clark.com,Senior message despite answer green animal stage draw car positive idea into.,27-05-2024 06:50
94,patriciajensen,eharris@gmail.com,Establish term none rock look imagine.,19-11-2024 05:06
95,espinozasandy,chadmoss@yahoo.com,Rich speech imagine entire among management group remember movie agency radio.,25-07-2024 02:54
96,sharptimothy,hillwayne@gmail.com,Beat you recently opportunity cultural ground community sort.,29-01-2024 05:17
97,josephbrandt,rhodesrobert@gmail.com,Full shake well unit huge really summer seat.,27-01-2024 22:29
98,ernesthill,alexander17@tucker.com,Lose security stop deep different out television popular establish international yourself finally today.,13-02-2024 01:56
99,mackstephanie,valenciazachary@shaw.org,Return worker future course near them arm product red church.,03-09-2024 16:20
100,wilsoneric,kenneth27@wood.com,Water provide meeting hot eat quite interview arm appear truth.,05-02-2024 20:58
